{"cameraMode":{"drawMode":0,"name":"Shaded","section":"Shading Mode"},"sceneLighting":false,"audioPlay":false,"sceneViewState":{"m_AlwaysRefresh":false,"showFog":true,"showSkybox":false,"showFlares":true,"showImageEffects":true,"showParticleSystems":true,"showVisualEffectGraphs":true,"m_FxEnabled":true},"in2DMode":false,"pivot":{"x":-18.49958038330078,"y":-14.673474311828614,"z":4.870975494384766},"rotation":{"x":0.008690319024026394,"y":0.0005968374898657203,"z":0.000004387413810036378,"w":-0.9999650120735169},"size":8.512486457824707,"orthographic":false}