{"cameraMode":{"drawMode":0,"name":"Shaded","section":"Shading Mode"},"sceneLighting":false,"audioPlay":false,"sceneViewState":{"m_AlwaysRefresh":false,"showFog":true,"showSkybox":false,"showFlares":true,"showImageEffects":true,"showParticleSystems":true,"showVisualEffectGraphs":true,"m_FxEnabled":true},"in2DMode":false,"pivot":{"x":0.07362585514783859,"y":-0.1368524134159088,"z":0.015669822692871095},"rotation":{"x":-0.011999744921922684,"y":0.0029997581150382759,"z":0.00003602231663535349,"w":0.9999238848686218},"size":6.137324333190918,"orthographic":false}